Date,Time,SensorID,BedID,SoilMoisture_VWC,SoilTemp_F
07/15/2026,12:00 AM,SN-4821,BED-1,27.3,82.8
07/15/2026,12:00 AM,SN-4877,BED-1,27.1,83.4
07/15/2026,12:00 AM,SN-4902,BED-2,27.1,83.5
07/15/2026,12:00 AM,SN-4815,BED-2,28.1,83.5
07/15/2026,12:00 AM,SN-4868,BED-3,26.6,83.4
07/15/2026,12:00 AM,SN-4934,BED-3,27.6,83.9
07/15/2026,12:00 AM,SN-4790,BED-4,29.2,83.1
07/15/2026,12:00 AM,SN-4851,BED-4,27.7,83.6
07/15/2026,12:00 AM,SN-4919,BED-5,29.5,83.4
07/15/2026,12:00 AM,SN-4843,BED-5,30.0,82.8
07/15/2026,2:00 AM,SN-4821,BED-1,27.0,79.2
07/15/2026,2:00 AM,SN-4877,BED-1,26.4,78.6
07/15/2026,2:00 AM,SN-4902,BED-2,27.2,79.5
07/15/2026,2:00 AM,SN-4815,BED-2,28.1,79.2
07/15/2026,2:00 AM,SN-4868,BED-3,26.6,78.8
07/15/2026,2:00 AM,SN-4934,BED-3,26.7,78.6
07/15/2026,2:00 AM,SN-4790,BED-4,28.8,79.5
07/15/2026,2:00 AM,SN-4851,BED-4,27.7,79.4
07/15/2026,2:00 AM,SN-4919,BED-5,29.4,79.5
07/15/2026,2:00 AM,SN-4843,BED-5,29.4,78.7
07/15/2026,4:00 AM,SN-4821,BED-1,26.7,75.1
07/15/2026,4:00 AM,SN-4877,BED-1,26.1,75.3
07/15/2026,4:00 AM,SN-4902,BED-2,27.0,75.5
07/15/2026,4:00 AM,SN-4815,BED-2,27.7,75.7
07/15/2026,4:00 AM,SN-4868,BED-3,25.8,75.9
07/15/2026,4:00 AM,SN-4934,BED-3,27.0,75.6
07/15/2026,4:00 AM,SN-4790,BED-4,28.7,75.5
07/15/2026,4:00 AM,SN-4851,BED-4,27.5,75.0
07/15/2026,4:00 AM,SN-4919,BED-5,28.7,75.3
07/15/2026,4:00 AM,SN-4843,BED-5,29.4,75.8
07/15/2026,6:00 AM,SN-4821,BED-1,33.5,70.7
07/15/2026,6:00 AM,SN-4877,BED-1,33.3,71.0
07/15/2026,6:00 AM,SN-4902,BED-2,33.6,70.6
07/15/2026,6:00 AM,SN-4815,BED-2,34.8,71.3
07/15/2026,6:00 AM,SN-4868,BED-3,29.1,70.8
07/15/2026,6:00 AM,SN-4934,BED-3,29.9,71.3
07/15/2026,6:00 AM,SN-4790,BED-4,31.8,71.4
07/15/2026,6:00 AM,SN-4851,BED-4,30.7,71.4
07/15/2026,6:00 AM,SN-4919,BED-5,28.8,72.7
07/15/2026,6:00 AM,SN-4843,BED-5,28.7,72.8
07/15/2026,8:00 AM,SN-4821,BED-1,33.0,72.0
07/15/2026,8:00 AM,SN-4877,BED-1,32.8,71.6
07/15/2026,8:00 AM,SN-4902,BED-2,33.5,71.9
07/15/2026,8:00 AM,SN-4815,BED-2,34.5,71.2
07/15/2026,8:00 AM,SN-4868,BED-3,32.7,71.3
07/15/2026,8:00 AM,SN-4934,BED-3,33.6,71.4
07/15/2026,8:00 AM,SN-4790,BED-4,34.8,72.2
07/15/2026,8:00 AM,SN-4851,BED-4,33.6,72.0
07/15/2026,8:00 AM,SN-4919,BED-5,35.8,71.6
07/15/2026,8:00 AM,SN-4843,BED-5,36.4,72.0
07/15/2026,10:00 AM,SN-4821,BED-1,32.4,73.7
07/15/2026,10:00 AM,SN-4877,BED-1,32.3,74.3
07/15/2026,10:00 AM,SN-4902,BED-2,32.5,73.4
07/15/2026,10:00 AM,SN-4815,BED-2,33.4,73.5
07/15/2026,10:00 AM,SN-4868,BED-3,31.9,74.2
07/15/2026,10:00 AM,SN-4934,BED-3,32.4,73.3
07/15/2026,10:00 AM,SN-4790,BED-4,34.6,74.4
07/15/2026,10:00 AM,SN-4851,BED-4,32.9,73.9
07/15/2026,10:00 AM,SN-4919,BED-5,35.5,73.6
07/15/2026,10:00 AM,SN-4843,BED-5,35.6,73.5
07/15/2026,12:00 PM,SN-4821,BED-1,30.8,79.4
07/15/2026,12:00 PM,SN-4877,BED-1,31.0,79.6
07/15/2026,12:00 PM,SN-4902,BED-2,31.0,78.7
07/15/2026,12:00 PM,SN-4815,BED-2,32.0,79.3
07/15/2026,12:00 PM,SN-4868,BED-3,30.5,79.6
07/15/2026,12:00 PM,SN-4934,BED-3,31.2,79.5
07/15/2026,12:00 PM,SN-4790,BED-4,32.6,79.8
07/15/2026,12:00 PM,SN-4851,BED-4,31.9,79.6
07/15/2026,12:00 PM,SN-4919,BED-5,33.6,79.8
07/15/2026,12:00 PM,SN-4843,BED-5,34.0,79.5
07/15/2026,2:00 PM,SN-4821,BED-1,28.6,85.7
07/15/2026,2:00 PM,SN-4877,BED-1,28.1,85.7
07/15/2026,2:00 PM,SN-4902,BED-2,29.0,85.1
07/15/2026,2:00 PM,SN-4815,BED-2,29.8,85.8
07/15/2026,2:00 PM,SN-4868,BED-3,33.1,84.1
07/15/2026,2:00 PM,SN-4934,BED-3,33.4,84.4
07/15/2026,2:00 PM,SN-4790,BED-4,35.1,84.3
07/15/2026,2:00 PM,SN-4851,BED-4,34.3,84.2
07/15/2026,2:00 PM,SN-4919,BED-5,31.2,85.7
07/15/2026,2:00 PM,SN-4843,BED-5,32.0,85.9
07/15/2026,4:00 PM,SN-4821,BED-1,25.7,88.2
07/15/2026,4:00 PM,SN-4877,BED-1,25.5,88.8
07/15/2026,4:00 PM,SN-4902,BED-2,25.9,88.6
07/15/2026,4:00 PM,SN-4815,BED-2,26.8,88.7
07/15/2026,4:00 PM,SN-4868,BED-3,30.0,90.1
07/15/2026,4:00 PM,SN-4934,BED-3,30.7,89.9
07/15/2026,4:00 PM,SN-4790,BED-4,32.2,90.1
07/15/2026,4:00 PM,SN-4851,BED-4,31.5,90.2
07/15/2026,4:00 PM,SN-4919,BED-5,28.6,90.7
07/15/2026,4:00 PM,SN-4843,BED-5,29.1,89.9
07/15/2026,6:00 PM,SN-4821,BED-1,26.8,92.0
07/15/2026,6:00 PM,SN-4877,BED-1,26.8,91.4
07/15/2026,6:00 PM,SN-4902,BED-2,27.1,91.8
07/15/2026,6:00 PM,SN-4815,BED-2,27.8,92.1
07/15/2026,6:00 PM,SN-4868,BED-3,31.3,92.0
07/15/2026,6:00 PM,SN-4934,BED-3,32.1,91.4
07/15/2026,6:00 PM,SN-4790,BED-4,33.9,91.8
07/15/2026,6:00 PM,SN-4851,BED-4,32.6,91.1
07/15/2026,6:00 PM,SN-4919,BED-5,30.1,89.6
07/15/2026,6:00 PM,SN-4843,BED-5,30.6,90.1
07/15/2026,8:00 PM,SN-4821,BED-1,25.1,89.6
07/15/2026,8:00 PM,SN-4877,BED-1,25.0,90.4
07/15/2026,8:00 PM,SN-4902,BED-2,25.7,90.4
07/15/2026,8:00 PM,SN-4815,BED-2,26.6,89.9
07/15/2026,8:00 PM,SN-4868,BED-3,29.6,90.7
07/15/2026,8:00 PM,SN-4934,BED-3,30.2,89.9
07/15/2026,8:00 PM,SN-4790,BED-4,31.7,89.8
07/15/2026,8:00 PM,SN-4851,BED-4,30.7,89.6
07/15/2026,8:00 PM,SN-4919,BED-5,28.6,90.0
07/15/2026,8:00 PM,SN-4843,BED-5,28.6,89.6
07/15/2026,10:00 PM,SN-4821,BED-1,25.1,87.1
07/15/2026,10:00 PM,SN-4877,BED-1,24.7,86.9
07/15/2026,10:00 PM,SN-4902,BED-2,24.9,87.1
07/15/2026,10:00 PM,SN-4815,BED-2,25.9,86.9
07/15/2026,10:00 PM,SN-4868,BED-3,29.3,86.7
07/15/2026,10:00 PM,SN-4934,BED-3,29.9,87.6
07/15/2026,10:00 PM,SN-4790,BED-4,31.6,87.5
07/15/2026,10:00 PM,SN-4851,BED-4,30.6,87.5
07/15/2026,10:00 PM,SN-4919,BED-5,28.3,87.6
07/15/2026,10:00 PM,SN-4843,BED-5,28.1,86.9
